{
  "global_contrast": 0.899999976,
  "use_global_contrast": [
    true,
    true,
    true,
    true,
    true,
    true,
    true,
    true,
    true,
    true,
    true,
    true,
    true,
    true,
    true,
    true,
    true,
    true,
    true,
    true
  ],
  "module_contrast": [
    0.899999976,
    0.899999976,
    0.899999976,
    0.899999976,
    0.899999976,
    0.899999976,
    0.899999976,
    0.899999976,
    0.899999976,
    0.899999976,
    0.899999976,
    0.899999976,
    0.899999976,
    0.899999976,
    0.899999976,
    0.899999976,
    0.899999976,
    0.899999976,
    0.899999976,
    0.899999976
  ]
}